{
  "accuracy": 0.63807,
  "precision": 0.6152283623517537,
  "recall": 0.8954075543069098,
  "f1": 0.7293353973631271,
  "roc_auc": 0.7178536097307904
}